{
  "Collider": {
    "isTrigger": false,
    "offset": {
      "x": 0.0,
      "y": 0.0
    },
    "size": {
      "x": 50.0,
      "y": 50.0
    }
  },
  "RigidBody": {
    "bounciness": 0.10000000149011612,
    "isStatic": false,
    "mass": 10.0,
    "velocity": {
      "x": -0.048778943717479706,
      "y": 0.00019370391964912415
    }
  },
  "Sprite": {
    "color": [
      161,
      100,
      55,
      255
    ],
    "size": [
      50.0,
      50.0
    ],
    "textureName": "Square",
    "textureRect": [
      0,
      0,
      256,
      256
    ]
  },
  "Transform": {
    "position": {
      "x": 0.0,
      "y": 0.0
    },
    "rotation": 0.0,
    "scale": {
      "x": 1.0,
      "y": 1.0
    }
  }
}